[{
  "_id": {
    "$oid": "674f3b41898bdfe695966a3b"
  },
  "name": "Ladyfinger",
  "description": "Fresh ladyfinger, ideal for Indian curries.",
  "price": 2.5,
  "category": "Vegetables",
  "image": "assets/uploads/bendakay.jpg",
  "stock": 100
},
{
  "_id": {
    "$oid": "674f3b41898bdfe695966a3c"
  },
  "name": "Broccoli",
  "description": "Fresh green broccoli, great for salads and stir-fry.",
  "price": 3,
  "category": "Vegetables",
  "image": "assets/uploads/brocolli.jpg",
  "stock": 80
},
{
  "_id": {
    "$oid": "674f3b41898bdfe695966a3d"
  },
  "name": "Spinach",
  "description": "Fresh spinach leaves, rich in iron and vitamins.",
  "price": 2,
  "category": "Vegetables",
  "image": "assets/uploads/spinach.jpg",
  "stock": 120
},
{
  "_id": {
    "$oid": "674f3b41898bdfe695966a3e"
  },
  "name": "Tomato",
  "description": "Ripe and juicy tomatoes, ideal for cooking.",
  "price": 1.5,
  "category": "Vegetables",
  "image": "assets/uploads/tomato.jpg",
  "stock": 150
},
{
  "_id": {
    "$oid": "674f3b41898bdfe695966a3f"
  },
  "name": "Karela",
  "description": "Bitter gourd, packed with health benefits.",
  "price": 1.8,
  "category": "Vegetables",
  "image": "assets/uploads/karela.jpg",
  "stock": 100
},
{
  "_id": {
    "$oid": "674f3b41898bdfe695966a40"
  },
  "name": "Carrot",
  "description": "Crunchy and sweet carrots, ideal for salads and snacks.",
  "price": 2.2,
  "category": "Vegetables",
  "image": "assets/uploads/carrot.jpg",
  "stock": 130
},
{
  "_id": {
    "$oid": "674f3b41898bdfe695966a41"
  },
  "name": "Cauliflower",
  "description": "Fresh cauliflower, perfect for curries and stir-fry.",
  "price": 2.7,
  "category": "Vegetables",
  "image": "assets/uploads/cauliflower.jpg",
  "stock": 90
},
{
  "_id": {
    "$oid": "674f3b41898bdfe695966a42"
  },
  "name": "Apple",
  "description": "Crunchy and sweet apples, perfect for snacking.",
  "price": 3,
  "category": "Fruits",
  "image": "assets/uploads/apple.jpg",
  "stock": 200
},
{
  "_id": {
    "$oid": "674f3b41898bdfe695966a43"
  },
  "name": "Strawberry",
  "description": "Fresh strawberries, great for desserts.",
  "price": 4.5,
  "category": "Fruits",
  "image": "assets/uploads/strawberry.jpg",
  "stock": 80
},
{
  "_id": {
    "$oid": "674f3b41898bdfe695966a44"
  },
  "name": "Watermelon",
  "description": "Juicy watermelon, perfect for summer refreshment.",
  "price": 3.5,
  "category": "Fruits",
  "image": "assets/uploads/watermelon.jpg",
  "stock": 50
},
{
  "_id": {
    "$oid": "674f3b41898bdfe695966a45"
  },
  "name": "Orange",
  "description": "Fresh oranges, rich in Vitamin C.",
  "price": 2.8,
  "category": "Fruits",
  "image": "/assets/uploads/orange.jpg",
  "stock": 140
},
{
  "_id": {
    "$oid": "674f3b41898bdfe695966a46"
  },
  "name": "Pomegranate",
  "description": "Fresh and healthy pomegranates.",
  "price": 3.2,
  "category": "Fruits",
  "image": "assets/uploads/pomegranate.jpg",
  "stock": 100
},
{
  "_id": {
    "$oid": "674f3b41898bdfe695966a47"
  },
  "name": "Cherry",
  "description": "Sweet and juicy cherries.",
  "price": 5,
  "category": "Fruits",
  "image": "assets/uploads/cherry.jpg",
  "stock": 60
},
{
  "_id": {
    "$oid": "674f3b41898bdfe695966a48"
  },
  "name": "Poha",
  "description": "Ready-to-eat meal R1, convenient and quick.",
  "price": 5,
  "category": "Ready to Eat",
  "image": "assets/uploads/r1.jpg",
  "stock": 50
},
{
  "_id": {
    "$oid": "674f3b41898bdfe695966a49"
  },
  "name": "Noodles",
  "description": "Ready-to-eat meal R2, delicious and easy.",
  "price": 5.2,
  "category": "Ready to Eat",
  "image": "assets/uploads/r2.jpg",
  "stock": 40
},
{
  "_id": {
    "$oid": "674f3b41898bdfe695966a4a"
  },
  "name": "Upma",
  "description": "Ready-to-eat meal R3, healthy and fast.",
  "price": 5.5,
  "category": "Ready to Eat",
  "image": "assets/uploads/r3.jpg",
  "stock": 60
},
{
  "_id": {
    "$oid": "674f3b41898bdfe695966a4b"
  },
  "name": "Bubbly",
  "description": "Delicious bubbly chocolate, perfect for gifting.",
  "price": 2.5,
  "category": "Snacks - Chocolates",
  "image": "/uploads/bubbly.jpg",
  "stock": 100
},
{
  "_id": {
    "$oid": "674f3b41898bdfe695966a4c"
  },
  "name": "Mars",
  "description": "Sweet and chewy Mars chocolate bar.",
  "price": 2.8,
  "category": "Snacks - Chocolates",
  "image": "assets/uploads/mars.jpg",
  "stock": 90
},
{
  "_id": {
    "$oid": "674f3b41898bdfe695966a4d"
  },
  "name": "Oreo",
  "description": "Crunchy chocolate biscuits with cream filling.",
  "price": 1.5,
  "category": "Snacks - Chocolates",
  "image": "assets/uploads/oreo.jpg",
  "stock": 120
},
{
  "_id": {
    "$oid": "674f3b41898bdfe695966a4e"
  },
  "name": "Waffy",
  "description": "Crispy and tasty Waffy wafers.",
  "price": 1.2,
  "category": "Snacks - Chocolates",
  "image": "assets/uploads/waffy.jpg",
  "stock": 110
},
{
  "_id": {
    "$oid": "674f3b41898bdfe695966a4f"
  },
  "name": "Kurkure",
  "description": "Crispy and spicy Kurkure snacks.",
  "price": 1.5,
  "category": "Snacks - Chips",
  "image": "assets/uploads/kurkure.jpg",
  "stock": 200
},
{
  "_id": {
    "$oid": "674f3b41898bdfe695966a50"
  },
  "name": "Amul Milk",
  "description": "Fresh and pure Amul milk.",
  "price": 1.8,
  "category": "Dairy",
  "image": "assets/uploads/amulmilk.jpg",
  "stock": 300
},
{
  "_id": {
    "$oid": "674f3b41898bdfe695966a51"
  },
  "name": "Cream",
  "description": "Rich and fresh cream for cooking.",
  "price": 2,
  "category": "Dairy",
  "image": "assets/uploads/cream.jpg",
  "stock": 100
}]