{
  "hash": "a210d6a4",
  "configHash": "6dea1373",
  "lockfileHash": "b6fee679",
  "browserHash": "d5ebff54",
  "optimized": {
    "@angular/common": {
      "src": "../../../../../node_modules/@angular/common/fesm2022/common.mjs",
      "file": "@angular_common.js",
      "fileHash": "481fa58b",
      "needsInterop": false
    },
    "@angular/common/http": {
      "src": "../../../../../node_modules/@angular/common/fesm2022/http.mjs",
      "file": "@angular_common_http.js",
      "fileHash": "6250587f",
      "needsInterop": false
    },
    "@angular/core": {
      "src": "../../../../../node_modules/@angular/core/fesm2022/core.mjs",
      "file": "@angular_core.js",
      "fileHash": "a3cd7983",
      "needsInterop": false
    },
    "@angular/forms": {
      "src": "../../../../../node_modules/@angular/forms/fesm2022/forms.mjs",
      "file": "@angular_forms.js",
      "fileHash": "45848494",
      "needsInterop": false
    },
    "@angular/platform-browser": {
      "src": "../../../../../node_modules/@angular/platform-browser/fesm2022/platform-browser.mjs",
      "file": "@angular_platform-browser.js",
      "fileHash": "bafed1db",
      "needsInterop": false
    },
    "@angular/router": {
      "src": "../../../../../node_modules/@angular/router/fesm2022/router.mjs",
      "file": "@angular_router.js",
      "fileHash": "edc956b8",
      "needsInterop": false
    },
    "rxjs": {
      "src": "../../../../../node_modules/rxjs/dist/esm5/index.js",
      "file": "rxjs.js",
      "fileHash": "0c9491f4",
      "needsInterop": false
    }
  },
  "chunks": {
    "chunk-I5JGHC6Y": {
      "file": "chunk-I5JGHC6Y.js"
    },
    "chunk-BL2SL7TF": {
      "file": "chunk-BL2SL7TF.js"
    },
    "chunk-ZB6D7EPW": {
      "file": "chunk-ZB6D7EPW.js"
    },
    "chunk-QU7VGLQW": {
      "file": "chunk-QU7VGLQW.js"
    },
    "chunk-ZJYUQHW6": {
      "file": "chunk-ZJYUQHW6.js"
    }
  }
}